test,coef_name,coef,se,p,n
H1 low-tau,flat,-0.027230911219693187,0.012974302925458855,0.035831515365672646,1000
H2 high-tau,flat,0.050512421405558824,0.01140306841690809,9.435470195843205e-06,1000
H3 moderation,flat_x_tau,0.13604181050847874,0.0303664725033575,7.464288151244206e-06,4000
H4 triple,flat_x_tau_x_K,0.021246458746505614,0.012490587683470456,0.08894345177216186,4000
