test,coef,estimate,se,p,n
H1,flat,0.32175490531101913,0.14993188197103097,0.03187240049154574,37
H2,flat,0.060002725633121805,0.05828085026950667,0.30322390590058734,37
H3,flat_x_tau,-0.0117292997568198,0.23690038710475644,0.9605116517729807,111
H4,flat_x_tau_x_K,92.21163733934067,20.676490927527123,8.20616623206082e-06,111
