{
  "v1_tau_star_by_K": {
    "5": 0.47654955084760703,
    "10": 0.2917278841811869
  },
  "v2_tau_star_by_K": {
    "2": 0.16060798879850574,
    "5": 0.12879859959843826,
    "10": 0.1325877648261608
  }
}